{
    "openapi": "3.0.0",
    "info": {
        "title": "Reckitt Backend",
        "version": "1.0.0"
    },
"servers": [
    {
        "url": "http://localhost:8080"
    },
    {
        "url": "http://13.127.234.119"
    }
],
    "components": {
        "securitySchemes": {
            "bearerAuth": {
                "type": "http",
                "scheme": "bearer"
            }
        }
    },
    "security": [
        {
            "bearerAuth": []
        }
    ],
    "tags": [
        {
            "name": "Auth",
            "supplier": "Supplier"
        }
    ],
    "paths": {
        "/api/auth/sign-in": {
            "post": {
                "tags": [
                    "Auth"
                ],
                "summary": "Sign in",
                "requestBody": {
                    "content": {
                        "application/json": {
                            "schema": {
                                "type": "object",
                                "example": {
                                    "userEmail": "reckitt@gmail.com",
                                    "userPassword": "reckitt@123",
                                    "isLong": true
                                }
                            }
                        }
                    }
                },
                "responses": {
                    "200": {
                        "description": "Successful response",
                        "content": {
                            "application/json": {}
                        }
                    }
                }
            }
        },
        "/api/auth/forgot-password": {
            "post": {
                "tags": [
                    "Auth"
                ],
                "summary": "Forget password",
                "requestBody": {
                    "content": {
                        "application/json": {
                            "schema": {
                                "type": "object",
                                "example": {
                                    "userEmail": ""
                                }
                            }
                        }
                    }
                },
                "responses": {
                    "200": {
                        "description": "Successful response",
                        "content": {
                            "application/json": {}
                        }
                    }
                }
            }
        },
        "/api/auth/reset-password": {
            "post": {
                "tags": [
                    "Auth"
                ],
                "summary": "Reset password",
                "requestBody": {
                    "content": {
                        "application/json": {
                            "schema": {
                                "type": "object",
                                "example": {
                                        "newPassword": "",
                                        "resetToken": ""
                                }
                            }
                        }
                    }
                },
                "responses": {
                    "200": {
                        "description": "Successful response",
                        "content": {
                            "application/json": {}
                        }
                    }
                }
            }
        },
        "/api/company": {
            "post": {
                "tags": [
                "Company"
                ],
                "summary": "Create Company",
                "requestBody": {
                    "content": {
                        "application/json": {
                            "schema": {
                                "type": "object",
                                "example": {
                                    "name": "",
                                    "desc": ""
                                }
                            }
                        }
                    }
                },
                "responses": {
                    "200": {
                        "description": "Successful response",
                        "content": {
                            "application/json": {}
                        }
                    }
                }
            }
        },

        "/api/company/supplier": {
            "post": {
                "tags": [
                "supplier"
                ],
                "summary": "Create Supplier",
                "requestBody": {
                "content": {
                    "multipart/form-data": {
                    "schema": {
                        "type": "object",
                        "properties": {
                        "factory": {
                            "type": "string",
                            "description": "Factory name (optional)"
                        },
                        "supplierName": {
                            "type": "string",
                            "description": "Name of the supplier"
                        },
                        "supplierNumber": {
                            "type": "string",
                            "description": "Supplier's unique number"
                        },
                        "supplierManufacturerName": {
                            "type": "string",
                            "description": "Manufacturer name of the supplier"
                        },
                        "siteAddress": {
                            "type": "string",
                            "description": "Address of the supplier's site"
                        },
                        "factoryId": {
                            "type": "integer",
                            "description": "ID of the factory"
                        },
                        "procurementCategoryId": {
                            "type": "integer",
                            "description": "Category for procurement"
                        },
                        "supplierCategoryId": {
                            "type": "integer",
                            "description": "Category of the supplier"
                        },
                        "locationId": {
                            "type": "integer",
                            "description": "location"
                        },
                        "sublocationId": {
                            "type": "integer",
                            "description": "Sublocation"
                        },
                        "gmpFile": {
                            "type": "string",
                            "format": "binary",
                            "description": "File upload for GMP certificate"
                        },
                        "gdpFile": {
                            "type": "string",
                            "format": "binary",
                            "description": "File upload for GDP certificate"
                        },
                        "reachFile": {
                            "type": "string",
                            "format": "binary",
                            "description": "File upload for REACH certificate"
                        },
                        "isoFile": {
                            "type": "string",
                            "format": "binary",
                            "description": "File upload for ISO certificate"
                        }
                        },
                        "required": [
                        "supplierName",
                        "supplierManufacturerName",
                        "siteAddress",
                        "factoryId",
                        "procurementCategoryId",
                        "supplierCategoryId",
                        "locationId",
                        "sublocationId"
                        ]
                    }
                    }
                }
                },
                "responses": {
                "200": {
                    "description": "Successful response",
                    "content": {
                    "application/json": {
                        "schema": {
                        "type": "object",
                        "properties": {
                            "message": {
                            "type": "string"
                            },
                            "supplierId": {
                            "type": "integer"
                            }
                        }
                        }
                    }
                    }
                },
                "400": {
                    "description": "Bad request"
                }
                }
            },
            "get": {
                "tags": [
                    "supplier"
                ],
                "summary": "Get Suppliers",
                "parameters": [
                    {
                        "name": "page",
                        "in": "query",
                        "schema": {
                            "type": "number"
                        }
                    },
                    {
                        "name": "limit",
                        "in": "query",
                        "schema": {
                            "type": "number"
                        }
                    },
                    {
                        "name": "filters.supplierCategoryId",
                        "in": "query",
                        "schema": {
                            "type": "number"
                        },
                        "required": false
                    },
                    {
                        "name": "filters.procurementCategoryId",
                        "in": "query",
                        "schema": {
                            "type": "string"
                        },
                        "required": false
                    },
                    {
                        "name": "filters.factoryId",
                        "in": "query",
                        "schema": {
                            "type": "string"
                        },
                        "required": false
                    },
                    {
                        "name": "filters.locationId",
                        "in": "query",
                        "schema": {
                            "type": "string"
                        },
                        "required": false
                    },
                    {
                        "name": "filters.sublocationId",
                        "in": "query",
                        "schema": {
                            "type": "string"
                        },
                        "required": false
                    },
                    {
                        "name": "search",
                        "in": "query",
                        "schema": {
                            "type": "string"
                        },
                        "required": false
                    },
                    {
                        "name": "sortBy",
                        "in": "query",
                        "schema": {
                            "type": "string",
                            "example": "supId"
                        },
                        "required": false
                    },
                    {
                        "name": "sortOrder",
                        "in": "query",
                        "schema": {
                            "type": "string",
                            "example": "asc/desc"
                        },
                        "required": false
                    }
                ],
                "security": [
                    {
                        "bearerAuth": []
                    }
                ],
                "responses": {
                    "200": {
                        "description": "Successful response",
                        "content": {
                            "application/json": {}
                        }
                    }
                }
            }
        },

        "/api/company/supplier/{supId}": {
            "put": {
              "tags": [
                "supplier"
              ],
              "summary": "Update Supplier",
              "parameters": [
                {
                    "name": "supId",
                    "in": "path",
                    "schema": {
                        "type": "number"
                    },
                    "required": true
                }
            ],
              "requestBody": {
                "content": {
                  "multipart/form-data": {
                    "schema": {
                      "type": "object",
                      "properties": {
                        "factory": {
                          "type": "string",
                          "description": "Factory name (optional)"
                        },
                        "supplierName": {
                          "type": "string",
                          "description": "Name of the supplier"
                        },
                        "supplierNumber": {
                          "type": "string",
                          "description": "Supplier's unique number"
                        },
                        "supplierManufacturerName": {
                          "type": "string",
                          "description": "Manufacturer name of the supplier"
                        },
                        "siteAddress": {
                          "type": "string",
                          "description": "Address of the supplier's site"
                        },
                        "factoryId": {
                          "type": "integer",
                          "description": "ID of the factory"
                        },
                        "procurementCategoryId": {
                          "type": "integer",
                          "description": "Category for procurement"
                        },
                        "supplierCategoryId": {
                          "type": "integer",
                          "description": "Category of the supplier"
                        },
                        "locationId": {
                            "type": "integer",
                            "description": "location"
                        },
                        "sublocationId": {
                            "type": "integer",
                            "description": "Sublocation"
                        },
                        "gmpFile": {
                          "type": "string",
                          "format": "binary",
                          "description": "File upload for GMP certificate"
                        },
                        "gdpFile": {
                          "type": "string",
                          "format": "binary",
                          "description": "File upload for GDP certificate"
                        },
                        "reachFile": {
                          "type": "string",
                          "format": "binary",
                          "description": "File upload for REACH certificate"
                        },
                        "isoFile": {
                          "type": "string",
                          "format": "binary",
                          "description": "File upload for ISO certificate"
                        }
                      },
                      "required": [
                        "supplierName",
                        "supplierManufacturerName",
                        "siteAddress",
                        "factoryId",
                        "procurementCategoryId",
                        "supplierCategoryId",
                        "sublocationId",
                        "locationId"
                      ]
                    }
                  }
                }
              },
              "responses": {
                "200": {
                  "description": "Successful response",
                  "content": {
                    "application/json": {
                      "schema": {
                        "type": "object",
                        "properties": {
                          "message": {
                            "type": "string"
                          },
                          "supplierId": {
                            "type": "integer"
                          }
                        }
                      }
                    }
                  }
                },
                "400": {
                  "description": "Bad request"
                }
              }
            },
            "delete": {
                "tags": [
                  "supplier"
                ],
                "summary": "Delete Supplier",
                "parameters": [
                  {
                      "name": "supId",
                      "in": "path",
                      "schema": {
                          "type": "number"
                      },
                      "required": true
                  }
              ],
                "responses": {
                  "200": {
                    "description": "Successful response",
                    "content": {
                      "application/json": {
                        "schema": {
                          "type": "object",
                          "properties": {
                            "message": {
                              "type": "string"
                            },
                            "supplierId": {
                              "type": "integer"
                            }
                          }
                        }
                      }
                    }
                  },
                  "400": {
                    "description": "Bad request"
                  }
                }
              }
                  },
        "/api/company/category": {
            "post": {
                "tags": [
                    "Category"
                ],
                "summary": "Add Category",
                "requestBody": {
                    "content": {
                        "application/json": {
                            "schema": {
                                "type": "object",
                                "example": {
                                    "categoryName": ""
                                }
                            }
                        }
                    }
                },
                "responses": {
                    "200": {
                        "description": "Successful response",
                        "content": {
                            "application/json": {}
                        }
                    }
                }
            },
            "get": {
                "tags": [
                    "Category"
                ],
                "summary": "Get Category",
                "responses": {
                    "200": {
                        "description": "Successful response",
                        "content": {
                            "application/json": {}
                        }
                    }
                }
            }
        },
        "/api/company/category/{catId}": {
            "put": {
                "tags": [
                    "Category"
                ],
                "summary": "Update Category",
                "parameters": [
                    {
                        "name": "catId",
                        "in": "path",
                        "schema": {
                            "type": "number"
                        },
                        "required": true
                    }
                ],
                "requestBody": {
                    "content": {
                        "application/json": {
                            "schema": {
                                "type": "object",
                                "example": {
                                    "categoryName": ""
                                }
                            }
                        }
                    }
                },
                "responses": {
                    "200": {
                        "description": "Successful response",
                        "content": {
                            "application/json": {}
                        }
                    }
                }
            }
        },
        "/api/company/sub-category": {
            "post": {
                "tags": [
                    "Sub Category"
                ],
                "summary": "Add Sub Category",
                "requestBody": {
                    "content": {
                        "application/json": {
                            "schema": {
                                "type": "object",
                                "example": {
                                    "subCategoryName": "",
                                    "categoryId": 0
                                }
                            }
                        }
                    }
                },
                "responses": {
                    "200": {
                        "description": "Successful response",
                        "content": {
                            "application/json": {}
                        }
                    }
                }
            },
            "get": {
                "tags": [
                    "Sub Category"
                ],
                "summary": "Get Sub Category",
                "responses": {
                    "200": {
                        "description": "Successful response",
                        "content": {
                            "application/json": {}
                        }
                    }
                }
            }
        },
        "/api/company/sub-category/{subCatId}": {
            "put": {
                "tags": [
                    "Sub Category"
                ],
                "summary": "Add Sub Category",
                "parameters": [
                    {
                        "name": "subCatId",
                        "in": "path",
                        "schema": {
                            "type": "number"
                        },
                        "required": true
                    }
                ],
                "requestBody": {
                    "content": {
                        "application/json": {
                            "schema": {
                                "type": "object",
                                "example": {
                                    "subCategoryName": "",
                                    "categoryId": 0
                                }
                            }
                        }
                    }
                },
                "responses": {
                    "200": {
                        "description": "Successful response",
                        "content": {
                            "application/json": {}
                        }
                    }
                }
            },
            "get": {
                "tags": [
                    "Sub Category"
                ],
                "summary": "Get Sub Category",
                "responses": {
                    "200": {
                        "description": "Successful response",
                        "content": {
                            "application/json": {}
                        }
                    }
                }
            }
        },
        "/api/company/sub-category/{catId}": {
            "get": {
                "tags": [
                    "Sub Category"
                ],
                "summary": "Get Sub Category by category",
                "parameters": [
                    {
                        "name": "catId",
                        "in": "path",
                        "schema": {
                            "type": "number"
                        },
                        "required": true
                    }
                ],
                "responses": {
                    "200": {
                        "description": "Successful response",
                        "content": {
                            "application/json": {}
                        }
                    }
                }
            }
        },
        "/api/company/factory": {
            "post": {
                "tags": [
                    "Factory"
                ],
                "summary": "Add Factory",
                "requestBody": {
                    "content": {
                        "application/json": {
                            "schema": {
                                "type": "object",
                                "example": {
                                    "factoryName": ""
                                }
                            }
                        }
                    }
                },
                "responses": {
                    "200": {
                        "description": "Successful response",
                        "content": {
                            "application/json": {}
                        }
                    }
                }
            },
            "get": {
                "tags": [
                    "Factory"
                ],
                "summary": "Get Factory",
                "responses": {
                    "200": {
                        "description": "Successful response",
                        "content": {
                            "application/json": {}
                        }
                    }
                }
            }
        },
        "/api/company/factory/{factoryId}": {
            "put": {
                "tags": [
                    "Factory"
                ],
                "summary": "Update Factory",
                "parameters": [
                    {
                        "name": "factoryId",
                        "in": "path",
                        "schema": {
                            "type": "number"
                        },
                        "required": true
                    }
                ],
                "requestBody": {
                    "content": {
                        "application/json": {
                            "schema": {
                                "type": "object",
                                "example": {
                                    "factoryName": ""
                                }
                            }
                        }
                    }
                },
                "responses": {
                    "200": {
                        "description": "Successful response",
                        "content": {
                            "application/json": {}
                        }
                    }
                }
            },
            "delete": {
                "tags": [
                    "Factory"
                ],
                "summary": "Delete Factory",
                "parameters": [
                    {
                        "name": "factoryId",
                        "in": "path",
                        "schema": {
                            "type": "number"
                        },
                        "required": true
                    }
                ],
                "responses": {
                    "200": {
                        "description": "Successful response",
                        "content": {
                            "application/json": {}
                        }
                    }
                }
            }
        },
        "/api/company/rules": {
        "post": {
            "tags": [
                "Rules"
            ],
            "summary": "Create a new Rule",
            "requestBody": {
                "content": {
                    "application/json": {
                        "schema": {
                            "type": "object",
                            "example": {
                                "departmentId": 1,
                                "orderBy": 0,
                                "section": "Packaging",
                                "categoryId": 1,
                                "suppCategoryId": 2,
                                "ratedCriteria": "10",
                                "criteriaEvaluation": "100",
                                "score": "5",
                                "ratiosRawpack": 2,
                                "ratiosCopack": 3
                            }
                        }
                    }
                }
            },
            "responses": {
                "201": {
                    "description": "Rule created successfully",
                    "content": {
                        "application/json": {}
                    }
                },
                "400": {
                    "description": "Invalid request"
                },
                "500": {
                    "description": "Internal server error"
                }
            }
        },
        "get": {
            "tags": [
                "Rules"
            ],
            "summary": "Get all Rules",
            "parameters": [
                {
                    "name": "page",
                    "in": "query",
                    "schema": {
                        "type": "number"
                    }
                },
                {
                    "name": "limit",
                    "in": "query",
                    "schema": {
                        "type": "number"
                    }
                },
                {
                    "name": "filters.categoryId",
                    "in": "query",
                    "schema": {
                        "type": "number"
                    },
                    "required": false
                },
                {
                    "name": "filters.subCategoryId",
                    "in": "query",
                    "schema": {
                        "type": "string"
                    },
                    "required": false
                },
                {
                    "name": "filters.ruleId",
                    "in": "query",
                    "schema": {
                        "type": "string"
                    },
                    "required": false
                },
                {
                    "name": "filters.departmentId",
                    "in": "query",
                    "schema": {
                        "type": "string"
                    },
                    "required": false
                },
                {
                    "name": "include",
                    "in": "query",
                    "schema": {
                        "type": "string",
                        "example": "subCategories"
                    },
                    "required": false
                },
                {
                    "name": "sortBy",
                    "in": "query",
                    "schema": {
                        "type": "string",
                        "example": "ruleId"
                    },
                    "required": false
                },
                {
                    "name": "sortOrder",
                    "in": "query",
                    "schema": {
                        "type": "string",
                        "example": "asc/desc"
                    },
                    "required": false
                }
            ],
            "security": [
                {
                    "bearerAuth": []
                }
            ],
            "responses": {
                "200": {
                    "description": "Successful response",
                    "content": {
                        "application/json": {}
                    }
                }
            }
        }
        },

        "/api/company/rules/{ruleId}": {
            "put": {
                "tags": [
                    "Rules"
                ],
                "summary": "Update a Rule",
                "parameters": [
                    {
                        "name": "ruleId",
                        "in": "path",
                        "schema": {
                            "type": "number",
                            "required": true
                        }
                    }
                ],
                "requestBody": {
                    "content": {
                        "application/json": {
                            "schema": {
                                "type": "object",
                                "example": {
                                    "departmentId": 1,
                                    "orderBy": 0,
                                    "section": "Packaging",
                                    "categoryId": 1,
                                    "subCategoryId": 2,
                                    "ratedCriteria": "10",
                                    "criteriaEvaluation": "100",
                                    "score": "5",
                                    "ratiosRawpack": 2,
                                    "ratiosCopack": 3
                                }
                            }
                        }
                    }
                },
                "responses": {
                    "201": {
                        "description": "Rule created successfully",
                        "content": {
                            "application/json": {}
                        }
                    },
                    "400": {
                        "description": "Invalid request"
                    },
                    "500": {
                        "description": "Internal server error"
                    }
                }
            },
            "delete": {
                "tags": [
                    "Rules"
                ],
                "summary": "Get all Rules",
                "parameters": [
                    {
                        "name":"ruleId",
                        "in": "path",
                        "schema": {
                            "type": "number",
                            "required": true
                        }
                    }
                ],
                "security": [
                    {
                        "bearerAuth": []
                    }
                ],
                "responses": {
                    "200": {
                        "description": "Successful response",
                        "content": {
                            "application/json": {}
                        }
                    }
                }
            }
            },
       "/api/company/bulk-rules": {
  "post": {
    "tags": [
      "Rules By Xls"
    ],
    "summary": "Create Bulk Rule via XLS Upload",
    "description": "Upload an Excel file to create bulk rules.",
    "requestBody": {
      "content": {
        "multipart/form-data": {
          "schema": {
            "type": "object",
            "properties": {
              "file": {
                "type": "string",
                "format": "binary",
                "description": "Excel file containing the bulk rules"
              }
            },
            "required": [
              "file"
            ]
          }
        }
      }
    },
    "responses": {
      "201": {
        "description": "Rules created successfully",
        "content": {
          "application/json": {
            "example": {
              "message": "Rules created successfully."
            }
          }
        }
      },
      "400": {
        "description": "Invalid request"
      },
      "500": {
        "description": "Internal server error"
      }
    }
  }
        },
        "/api/company/rules/{catId}/{subCatId}/{departmentId}": {
            "get": {
                "tags": [
                    "Rules"
                ],
                "parameters": [
                    {
                        "name": "catId",
                        "in": "path",
                        "schema": {
                            "type": "number"
                        },
                        "required": true
                    },
                    {
                        "name": "subCatId",
                        "in": "path",
                        "schema": {
                            "type": "number"
                        },
                        "required": true
                    },
                    {
                        "name": "departmentId",
                        "in": "path",
                        "schema": {
                            "type": "number"
                        },
                        "required": true
                    }
                ],
                "summary": "Get Rules by Category and sub Category",
                "responses": {
                    "200": {
                        "description": "Successful response",
                        "content": {
                            "application/json": {}
                        }
                    }
                }
            }
        },
        "/api/company/location": {
            "post": {
                "tags": [
                    "Locations"
                ],
                "summary": "Add a new Location",
                "requestBody": {
                    "content": {
                        "application/json": {
                            "schema": {
                                "type": "object",
                                "example": {
                                    "name": "",
                                    "location": ""
                                }
                            }
                        }
                    }
                },
                "responses": {
                    "201": {
                        "description": "Location created successfully",
                        "content": {
                            "application/json": {}
                        }
                    },
                    "400": {
                        "description": "Invalid request"
                    },
                    "500": {
                        "description": "Internal server error"
                    }
                }
            },
            "get": {
                "tags": [
                    "Locations"
                ],
                "summary": "Get Locations",
                "parameters": [
                    {
                        "name": "page",
                        "in": "query",
                        "schema": {
                            "type": "number"
                        }
                    },
                    {
                        "name": "limit",
                        "in": "query",
                        "schema": {
                            "type": "number"
                        }
                    },
                    {
                        "name": "search",
                        "in": "query",
                        "schema": {
                            "type": "string"
                        },
                        "required": false
                    },
                    {
                        "name": "sortBy",
                        "in": "query",
                        "schema": {
                            "type": "string",
                            "example": "supId"
                        },
                        "required": false
                    },
                    {
                        "name": "sortOrder",
                        "in": "query",
                        "schema": {
                            "type": "string",
                            "example": "asc/desc"
                        },
                        "required": false
                    }
                ],
                "security": [
                    {
                        "bearerAuth": []
                    }
                ],
                "responses": {
                    "200": {
                        "description": "Successful response",
                        "content": {
                            "application/json": {}
                        }
                    }
                }
            }
        },
        "/api/company/location/{locationId}": {
            "put": {
                "tags": [
                    "Locations"
                ],
                "parameters": [
                    {
                        "name": "locationId",
                        "in": "path",
                        "schema": {
                            "type": "number"
                        },
                        "required": true
                    }
                ],
                "summary": "update a Location",
                "requestBody": {
                    "content": {
                        "application/json": {
                            "schema": {
                                "type": "object",
                                "example": {
                                    "name": "",
                                    "location": ""
                                }
                            }
                        }
                    }
                },
                "responses": {
                    "201": {
                        "description": "Location created successfully",
                        "content": {
                            "application/json": {}
                        }
                    },
                    "400": {
                        "description": "Invalid request"
                    },
                    "500": {
                        "description": "Internal server error"
                    }
                }
            },
            "delete": {
                "tags": [
                    "Locations"
                ],
                "parameters": [
                    {
                        "name": "locationId",
                        "in": "path",
                        "schema": {
                            "type": "number"
                        },
                        "required": true
                    }
                ],
                "summary": "Delete a Location",
                "responses": {
                    "201": {
                        "description": "Location Delete successfully",
                        "content": {
                            "application/json": {}
                        }
                    },
                    "400": {
                        "description": "Invalid request"
                    },
                    "500": {
                        "description": "Internal server error"
                    }
                }
            }
        },
        "/api/company/sub-location": {
            "post": {
                "tags": [
                    "Sub Locations"
                ],
                "summary": "Add a new Sub Location",
                "requestBody": {
                    "content": {
                        "application/json": {
                            "schema": {
                                "type": "object",
                                "example": {
                                    "name": "",
                                    "locationId": 0
                                }
                            }
                        }
                    }
                },
                "responses": {
                    "201": {
                        "description": " Sub Location created successfully",
                        "content": {
                            "application/json": {}
                        }
                    },
                    "400": {
                        "description": "Invalid request"
                    },
                    "500": {
                        "description": "Internal server error"
                    }
                }
            },
            "get": {
                "tags": [
                    "Sub Locations"
                ],
                "summary": "Get Sub Locations",
                "parameters": [
                    {
                        "name": "page",
                        "in": "query",
                        "schema": {
                            "type": "number"
                        }
                    },
                    {
                        "name": "limit",
                        "in": "query",
                        "schema": {
                            "type": "number"
                        }
                    },
                    {
                        "name": "search",
                        "in": "query",
                        "schema": {
                            "type": "string"
                        },
                        "required": false
                    },
                    {
                        "name": "sortBy",
                        "in": "query",
                        "schema": {
                            "type": "string",
                            "example": "supId"
                        },
                        "required": false
                    },
                    {
                        "name": "sortOrder",
                        "in": "query",
                        "schema": {
                            "type": "string",
                            "example": "asc/desc"
                        },
                        "required": false
                    }
                ],
                "security": [
                    {
                        "bearerAuth": []
                    }
                ],
                "responses": {
                    "200": {
                        "description": "Successful response",
                        "content": {
                            "application/json": {}
                        }
                    }
                }
            }
        },
        "/api/company/sub-location/{SubLocationId}": {
            "put": {
                "tags": [
                    "Sub Locations"
                ],
                "parameters": [
                    {
                        "name": "locationId",
                        "in": "path",
                        "schema": {
                            "type": "number"
                        },
                        "required": true
                    }
                ],
                "summary": "update a Sub Location",
                "requestBody": {
                    "content": {
                        "application/json": {
                            "schema": {
                                "type": "object",
                                "example": {
                                    "name": "",
                                    "location": ""
                                }
                            }
                        }
                    }
                },
                "responses": {
                    "201": {
                        "description": "Sub Location Updated successfully",
                        "content": {
                            "application/json": {}
                        }
                    },
                    "400": {
                        "description": "Invalid request"
                    },
                    "500": {
                        "description": "Internal server error"
                    }
                }
            },
            "delete": {
                "tags": [
                    "Sub Locations"
                ],
                "parameters": [
                    {
                        "name": "locationId",
                        "in": "path",
                        "schema": {
                            "type": "number"
                        },
                        "required": true
                    }
                ],
                "summary": "Delete a Location",
                "responses": {
                    "201": {
                        "description": "Location Delete successfully",
                        "content": {
                            "application/json": {}
                        }
                    },
                    "400": {
                        "description": "Invalid request"
                    },
                    "500": {
                        "description": "Internal server error"
                    }
                }
            }
        },
        "/api/company/sub-location/{locationId}": {
            "get": {
                "tags": [
                    "Sub Locations by Category"
                ],
                "summary": "Get Sub Locations",
                "parameters": [
                    {
                        "name": "locationId",
                        "in": "path",
                        "schema": {
                            "type": "number"
                        }
                    }
                ],
                "security": [
                    {
                        "bearerAuth": []
                    }
                ],
                "responses": {
                    "200": {
                        "description": "Successful response",
                        "content": {
                            "application/json": {}
                        }
                    }
                }
            }
        }
    }
}